{
    "max_open_trades": 5,
    "stake_currency": "EUR",
    "stake_amount": 10,
    "tradable_balance_ratio": 0.99,
    "fiat_display_currency": "EUR",
    "timeframe": "5m",
    "dry_run": true,
    "cancel_open_orders_on_exit": false,
    "unfilledtimeout": {
        "buy": 10,
        "sell": 30
    },
    "bid_strategy": {
        "use_order_book": true,
        "ask_last_balance": 0.0,
        "order_book_top": 1,
        "check_depth_of_market": {
            "enabled": false,
            "bids_to_ask_delta": 1
        }
    },
    "ask_strategy":{
        "use_order_book": true,
        "order_book_top": 1
    },
    "exchange": {
        "name": "kraken",
        "key": "your_exchange_key",
        "secret": "your_exchange_key",
        "ccxt_config": {},
        "ccxt_async_config": {
        },
        "pair_whitelist": [
            "ADA/EUR",
            "ATOM/EUR",
            "BAT/EUR",
            "BCH/EUR",
            "BTC/EUR",
            "DAI/EUR",
            "DASH/EUR",
            "EOS/EUR",
            "ETC/EUR",
            "ETH/EUR",
            "LINK/EUR",
            "LTC/EUR",
            "QTUM/EUR",
            "REP/EUR",
            "WAVES/EUR",
            "XLM/EUR",
            "XMR/EUR",
            "XRP/EUR",
            "XTZ/EUR",
            "ZEC/EUR"
        ],
        "pair_blacklist": [

        ]
    },
    "pairlists": [
        {"method": "StaticPairList"}
    ],
    "edge": {
        "enabled": false,
        "process_throttle_secs": 3600,
        "calculate_since_number_of_days": 7,
        "allowed_risk": 0.01,
        "stoploss_range_min": -0.01,
        "stoploss_range_max": -0.1,
        "stoploss_range_step": -0.01,
        "minimum_winrate": 0.60,
        "minimum_expectancy": 0.20,
        "min_trade_number": 10,
        "max_trade_duration_minute": 1440,
        "remove_pumps": false
    },
    "telegram": {
        "enabled": false,
        "token": "your_telegram_token",
        "chat_id": "your_telegram_chat_id"
    },
    "api_server": {
        "enabled": false,
        "listen_ip_address": "127.0.0.1",
        "listen_port": 8080,
        "verbosity": "error",
        "jwt_secret_key": "somethingrandom",
        "CORS_origins": [],
        "username": "freqtrader",
        "password": "SuperSecurePassword"
    },
    "bot_name": "freqtrade",
    "initial_state": "running",
    "forcebuy_enable": false,
    "internals": {
        "process_throttle_secs": 5
    },
    "download_trades": true
}
